time,conc
0,0
0.25,0.007915567
0.5,0.150395778
0.75,0.538258575
1,0.807387863
2,2.62005277
3,3.680738786
4,4.084432718
6,3.277044855