time,conc
0,0.340369393
0.25,0.846965699
0.5,2.216358839
1,3.918205805
2,5.081794195
3,5.556728232
4,4.63060686
6,3.189973615
0.75,3.269129288